﻿<?xml version="1.0" encoding="utf-8" ?> 
<Advertisements>
  <Ad>
    <ImageUrl>hdr_logo.gif</ImageUrl>
    <NavigateUrl>http://www.apress.com</NavigateUrl>
    <AlternateText>Apress - The Authors Press</AlternateText>
    <Impressions>20</Impressions>
    <Keyword>books</Keyword>
  </Ad>
  <Ad>
    <ImageUrl>sub_hero.jpg</ImageUrl>
    <NavigateUrl>http://www.microsoft.com/events/teched2007/default.mspx</NavigateUrl>
    <AlternateText>TechEd From Microsoft</AlternateText>
    <Impressions>20</Impressions>
    <Keyword>Java</Keyword>
  </Ad>
  <!-- More ads can go here. -->
</Advertisements>
